Day,R,R new,R old/new
0,6722950,1159147,5.799911486636294
1,2605954,451590,5.770619367125047
2,546628,96929,5.639468064253216
3,2009445,350017,5.740992580360382
4,4288130,743453,5.767856206108523
