Day,R,R new,R old/new
0,3825029,524196,7.29694427275294
1,4890538,673361,7.262876822387991
2,6059625,830657,7.294978553121204
3,5976193,820541,7.283235085145044
4,4289891,592246,7.243427562195439
