Day,R,R new,R old/new
0,5312458,726810,7.309280279577881
1,6524760,893545,7.3021056578012296
2,4193813,580819,7.2205162021214875
3,3261647,449029,7.263778063332213
4,484658,66187,7.322555788901144
