Day,R,R new,R old/new
0,1139119,178003,6.399437088138964
1,1088775,173966,6.258550521366244
2,4410389,733318,6.014292571571951
3,5181298,855112,6.059203940536444
4,4046820,669209,6.047169120558749
