Day,R,R new,R old/new
0,672172,33417,20.114672172846156
1,2327186,93572,24.870538195186594
2,7098596,252566,28.105904991170625
3,1309424,36497,35.877578979094174
4,3195418,77204,41.38928034816849
