Day,R,R new,R old/new
0,5352112,419216,12.766955459715279
1,3177435,248588,12.781932353935025
2,2844506,223821,12.708843227400468
3,458520,34062,13.461335212259996
4,806589,59720,13.506178834561286
