Day,R,R new,R old/new
0,5850596,914228,6.399493343017278
1,5540042,870148,6.36678128318401
2,6236217,977877,6.377302053325725
3,6947275,1065195,6.522068729199818
4,800450,121935,6.564563086890557
