Day,R,R new,R old/new
0,5819670,646135,9.006894843956758
1,5959772,690000,8.637350724637681
2,4161783,501196,8.303703541129618
3,5914990,713288,8.292569060463656
4,1610964,191093,8.430261705033674
