Day,R,R new,R old/new
0,6796382,985091,6.899242811070247
1,2484681,362173,6.860481040828554
2,1895810,284181,6.671135649462842
3,6100184,900905,6.771173431160888
4,7764119,1145109,6.78024450074185
