Day,R,R new,R old/new
0,483114,68455,7.0573953692206555
1,2365043,344940,6.856389517017452
2,1235925,168080,7.353194907187054
3,2403067,326830,7.352651225407704
4,1628050,204778,7.950316928576312
