Day,R,R new,R old/new
0,2172501,307510,7.0648141523852885
1,2272323,314212,7.231814825659109
2,556034,76835,7.2367280536213965
3,2383118,288203,8.268886860997283
4,4878718,582149,8.380531444698866
