Day,R,R new,R old/new
0,1361963,207405,6.566683541862539
1,5005205,783658,6.386976206457409
2,6919404,1083982,6.383320018229085
3,3359549,519536,6.46644120907887
4,6406129,971098,6.596789407454242
