Day,R,R new,R old/new
0,5497120,898279,6.119613171408883
1,5227793,857216,6.098571421905331
2,581020,95765,6.067143528428967
3,2286649,373437,6.123252382597332
4,7325502,1190617,6.152693939360852
