Day,R,R new,R old/new
0,7675760,548341,13.998150785733696
1,6320420,446375,14.159439932791935
2,6660693,456353,14.595484197540062
3,6420382,432509,14.844504969838779
4,5532617,364985,15.15847774566078
