Day,R,R new,R old/new
0,4036075,324487,12.438325726454373
1,958615,73902,12.971435143839138
2,7287919,540963,13.472121013821647
3,8370723,600618,13.936850044454212
4,5527973,372725,14.831237507545778
