Day,R,R new,R old/new
0,638649,86345,7.396479240257108
1,1362481,206989,6.582383604925866
2,5953956,949528,6.270437522642829
3,6166255,998758,6.173923012381378
4,7232284,1167581,6.194246052308149
