Day,R,R new,R old/new
0,7094626,1229229,5.771606429721395
1,6895405,1194004,5.775026716828419
2,6347638,1107072,5.733717409527113
3,655715,118507,5.533133063869645
4,831469,150591,5.521372459177507
