Day,R,R new,R old/new
0,2501309,331279,7.550460487987467
1,3537903,461721,7.662426010512842
2,4868480,653128,7.454097818498059
3,3964155,511096,7.756184748070813
4,3373413,444541,7.588530641718087
