Day,R,R new,R old/new
0,4694868,623333,7.531877824533596
1,7084032,936139,7.567286482028844
2,7066603,942862,7.494843359897843
3,6502888,838490,7.755474722417679
4,4780336,626640,7.6285203625686195
