Day,R,R new,R old/new
0,7208169,591192,12.192602403280153
1,8035093,609053,13.192764833273952
2,7877277,581072,13.556455998568163
3,7669411,500905,15.311108892903844
4,7208984,399162,18.06029632079206
