Day,R,R new,R old/new
0,2693520,269144,10.007728204975775
1,7431974,770016,9.65171373062378
2,7257257,781331,9.28832594636588
3,7758179,814029,9.53059289042528
4,5551263,588796,9.428160177718599
