Day,R,R new,R old/new
0,1741483,209091,8.328828117900818
1,7447180,910486,8.179345975665743
2,7324399,916046,7.995667248151293
3,8411317,1012507,8.307416146258742
4,8317433,987489,8.422810785740397
