Day,R,R new,R old/new
0,501368,74376,6.740991717758416
1,2506308,379874,6.5977350384601205
2,1143721,175591,6.513551377918002
3,1958105,285702,6.853662207474922
4,856066,133082,6.4326204896229395
