Day,R,R new,R old/new
0,7110439,748679,9.497313267768964
1,7992433,947330,8.436799214634815
2,5755995,698202,8.244025368016706
3,7117684,862444,8.25292308833965
4,6236554,649755,9.598316288447183
