Day,R,R new,R old/new
0,2420940,369888,6.545062289125357
1,5266084,851517,6.18435568520652
2,4909398,806420,6.087892165372883
3,2866849,449788,6.373778313338729
4,2092421,333398,6.276045447183247
