Day,R,R new,R old/new
0,4550917,692388,6.5727843347949415
1,1646193,228614,7.200753234710035
2,1101980,146020,7.546774414463772
3,1449594,165545,8.756495212782022
4,708877,68912,10.286698978407244
