Day,R,R new,R old/new
0,5635920,778708,7.237526775119814
1,7046212,961887,7.325405167135017
2,6696960,913507,7.331043987621332
3,860496,112563,7.6445723728045625
4,3856440,524377,7.3543271348667085
