Day,R,R new,R old/new
0,4327322,357171,12.115546894904682
1,7927935,661469,11.985346252054141
2,8022525,697815,11.496635927860536
3,7420103,601165,12.342872589056249
4,1000393,79324,12.611479501790127
