Day,R,R new,R old/new
0,903291,82096,11.002862502436173
1,3325359,386116,8.612331527313035
2,5655734,689433,8.203457043686624
3,10216121,1397971,7.307820405430442
4,7609628,1218688,6.244114982669887
