Day,R,R new,R old/new
0,7060772,947269,7.453819348041581
1,2502591,345570,7.24192204184391
2,3581598,508856,7.038529564356124
3,6342328,902702,7.025937684861671
4,6633708,981370,6.759640094969278
