Day,R,R new,R old/new
0,3693560,156567,23.5909227359533
1,8109982,314391,25.795846573216153
2,7206288,268508,26.838261802255428
3,9060798,310492,29.182065882534815
4,6230806,195621,31.85141677018316
