Day,R,R new,R old/new
0,5441620,272347,19.980466096560637
1,8302183,417699,19.875994436184907
2,6525870,339798,19.20514540992001
3,7796739,390271,19.97775648203428
4,6556668,326324,20.09250928525024
