Day,R,R new,R old/new
0,4019965,145263,27.67370218156034
1,7225111,204131,35.39448197481029
2,9216018,211421,43.59083534748204
3,8316705,143248,58.05808807103764
4,6814342,99126,68.74424469866635
