Day,R,R new,R old/new
0,2561270,230834,11.095722467227532
1,5397027,440503,12.251964231798649
2,879138,75130,11.701557300678823
3,3439520,270157,12.731559796710801
4,6919951,488807,14.156816494035478
