Day,R,R new,R old/new
0,1575726,42769,36.84271318010709
1,7109772,219293,32.42133583835325
2,7566848,275068,27.509008681489668
3,9036266,324479,27.848538734401917
4,6722119,268448,25.040674544045775
