Day,R,R new,R old/new
0,3142791,336042,9.352375595907654
1,7091002,850879,8.333737229382791
2,6005217,725104,8.281869911074825
3,1860910,218298,8.524631467077114
4,3256058,386924,8.415239168415503
