Day,R,R new,R old/new
0,77880,5685,13.699208443271768
1,2254055,189765,11.878138750559904
2,5448000,470115,11.588653840017868
3,7705299,671477,11.475149558361641
4,8958320,760032,11.78676687297377
