Day,R,R new,R old/new
0,2158224,31050,69.50801932367149
1,7267807,192827,37.69081612014915
2,7479124,264601,28.265667930204344
3,6972976,326412,21.3624989277355
4,7790034,492608,15.813860107834222
