Day,R,R new,R old/new
0,575669,47208,12.194310286392136
1,1321586,114234,11.569112523416846
2,4076095,363986,11.198493898116961
3,5509217,503640,10.938799539353507
4,6562678,596842,10.995670545973642
