Day,R,R new,R old/new
0,4711946,543992,8.661792820482654
1,7884600,869694,9.065947333199952
2,1297716,136679,9.494626094718281
3,5454919,531960,10.254378148732988
4,6866294,632169,10.861484824469406
