Day,R,R new,R old/new
0,9435355,714682,13.20217243473321
1,8876440,720994,12.3113923278141
2,8094954,652978,12.396978152403296
3,8274228,690239,11.987482596607842
4,4500836,359992,12.502600057779063
