Day,R,R new,R old/new
0,5140655,495916,10.365979319078232
1,5901589,658100,8.967617383376387
2,4532878,533879,8.490459448676573
3,4724421,600946,7.861639814559045
4,5195421,653710,7.947592969359502
