Day,R,R new,R old/new
0,6355964,225093,28.237057571759227
1,7089481,266926,26.55972441800349
2,6005392,201861,29.75013499388193
3,5730118,193124,29.670667550382138
4,4344732,124828,34.80574871022527
