Day,R,R new,R old/new
0,8879902,1021321,8.69452601092115
1,7599932,925538,8.211366794232111
2,7070398,834828,8.469287086681328
3,6802482,816540,8.330861929605408
4,1374541,160481,8.565132320960114
