Day,R,R new,R old/new
0,3691085,112770,32.73108982885519
1,4335334,149235,29.050383623144704
2,4667315,171961,27.14170654974093
3,3543603,139762,25.354552739657418
4,2789167,111212,25.07973060461101
