Day,R,R new,R old/new
0,9226082,856224,10.7753134693725
1,9267235,867105,10.687558023538095
2,9914755,886906,11.179037011814104
3,8483194,763880,11.105401371943238
4,4213036,361308,11.660511253556523
