Day,R,R new,R old/new
0,12622394,627843,20.104379598084236
1,10194260,530032,19.233291574848312
2,12007894,567439,21.161559216056705
3,12035772,554933,21.688693950440864
4,4551348,183271,24.83397809800787
