Day,R,R new,R old/new
0,7528020,508053,14.817391098960147
1,7688211,515793,14.905613298358062
2,6521543,413752,15.761961271486301
3,5465191,352124,15.520643296111597
4,3741159,226121,16.544942751889476
