Day,R,R new,R old/new
0,4249820,368118,11.54472207281361
1,4154168,368477,11.27388683689891
2,3438589,298991,11.500643832088592
3,3031178,265344,11.423578449107573
4,3337474,285282,11.698859374233216
