Day,R,R new,R old/new
0,9192104,151568,60.64673281959253
1,7997398,181331,44.10386530709035
2,9369711,317986,29.465797236356316
3,7824486,334438,23.39592390816833
4,6862886,318616,21.539677856730357
