Day,R,R new,R old/new
0,8926203,929805,9.600080662074307
1,8685200,925351,9.385843858168414
2,11025079,1185637,9.298865504366008
3,8041757,891345,9.022047579781118
4,5712409,606058,9.425515379716133
