Day,R,R new,R old/new
0,12114287,938044,12.914412330338449
1,12679712,1064899,11.90696206870323
2,11605914,939625,12.351644539044832
3,11524190,936601,12.304268306354574
4,6161080,465270,13.24194553700002
