Day,R,R new,R old/new
0,2872385,393387,7.301677482987491
1,4481706,638757,7.0162925807466685
2,4876852,686398,7.104991564660736
3,3873750,558235,6.939281843667989
4,3355565,472257,7.105379062671385
